Datetime,Water Level (m)
2025-02-26 00:00:00,-0.94269735
2025-02-26 01:00:00,-0.9241503
2025-02-26 02:00:00,-0.49968234
2025-02-26 03:00:00,-0.11674391
2025-02-26 04:00:00,0.13620041
2025-02-26 05:00:00,0.25478616
2025-02-26 06:00:00,0.20632629
2025-02-26 07:00:00,-0.069107875
2025-02-26 08:00:00,-0.39549804
2025-02-26 09:00:00,-0.6228071
2025-02-26 10:00:00,-0.79877687
2025-02-26 11:00:00,-0.94852126
2025-02-26 12:00:00,-1.0506974
2025-02-26 13:00:00,-0.96394426
2025-02-26 14:00:00,-0.41485092
2025-02-26 15:00:00,0.042498752
2025-02-26 16:00:00,0.39976183
2025-02-26 17:00:00,0.6225908
2025-02-26 18:00:00,0.64700806
2025-02-26 19:00:00,0.40985793
2025-02-26 20:00:00,0.014684105
2025-02-26 21:00:00,-0.29285246
2025-02-26 22:00:00,-0.5214044
2025-02-26 23:00:00,-0.71303105
2025-02-27 00:00:00,-0.8731735
2025-02-27 01:00:00,-0.98720735
2025-02-27 02:00:00,-0.8989086
2025-02-27 03:00:00,-0.31273925
2025-02-27 04:00:00,0.09875736
2025-02-27 05:00:00,0.37695664
2025-02-27 06:00:00,0.48054093
2025-02-27 07:00:00,0.32426715
2025-02-27 08:00:00,-0.060832262
2025-02-27 09:00:00,-0.37901488
2025-02-27 10:00:00,-0.6065401
2025-02-27 11:00:00,-0.7874219
2025-02-27 12:00:00,-0.9381229
2025-02-27 13:00:00,-1.03712
2025-02-27 14:00:00,-0.83006054
2025-02-27 15:00:00,-0.21776271
2025-02-27 16:00:00,0.24765372
2025-02-27 17:00:00,0.6127999
2025-02-27 18:00:00,0.80825454
2025-02-27 19:00:00,0.72293127
2025-02-27 20:00:00,0.35342994
2025-02-27 21:00:00,-0.06050254
2025-02-27 22:00:00,-0.35064358
2025-02-27 23:00:00,-0.5741063
2025-02-28 00:00:00,-0.7617629
2025-02-28 01:00:00,-0.91616017
2025-02-28 02:00:00,-0.99683374
2025-02-28 03:00:00,-0.617313
2025-02-28 04:00:00,-0.05161129
2025-02-28 05:00:00,0.34372896
2025-02-28 06:00:00,0.6067034
2025-02-28 07:00:00,0.6453547
2025-02-28 08:00:00,0.3708491
2025-02-28 09:00:00,-0.05474273
2025-02-28 10:00:00,-0.35957843
2025-02-28 11:00:00,-0.58389723
2025-02-28 12:00:00,-0.7740029
2025-02-28 13:00:00,-0.9250341
2025-02-28 14:00:00,-1.0125248
2025-02-28 15:00:00,-0.59921145
2025-02-28 16:00:00,-0.005328742
2025-02-28 17:00:00,0.44902322
2025-02-28 18:00:00,0.78310525
2025-02-28 19:00:00,0.8915896
2025-02-28 20:00:00,0.67230326
2025-02-28 21:00:00,0.21912986
2025-02-28 22:00:00,-0.14494672
2025-02-28 23:00:00,-0.40725926
2025-03-01 00:00:00,-0.6243343
2025-03-01 01:00:00,-0.80329555
2025-03-01 02:00:00,-0.943154
2025-03-01 03:00:00,-0.9367653
2025-03-01 04:00:00,-0.32085818
2025-03-01 05:00:00,0.2002732
2025-03-01 06:00:00,0.58392245
2025-03-01 07:00:00,0.78930527
2025-03-01 08:00:00,0.7126737
2025-03-01 09:00:00,0.3147525
2025-03-01 10:00:00,-0.099034704
2025-03-01 11:00:00,-0.38446632
2025-03-01 12:00:00,-0.60035926
2025-03-01 13:00:00,-0.78566796
2025-03-01 14:00:00,-0.92533207
2025-03-01 15:00:00,-0.94303626
2025-03-01 16:00:00,-0.3356716
2025-03-01 17:00:00,0.2168162
2025-03-01 18:00:00,0.6510794
2025-03-01 19:00:00,0.92899704
2025-03-01 20:00:00,0.9235741
2025-03-01 21:00:00,0.5704945
2025-03-01 22:00:00,0.09758825
2025-03-01 23:00:00,-0.21795686
2025-03-02 00:00:00,-0.4670329
2025-03-02 01:00:00,-0.6696348
2025-03-02 02:00:00,-0.8340622
2025-03-02 03:00:00,-0.9396656
2025-03-02 04:00:00,-0.67146665
2025-03-02 05:00:00,-0.024624646
2025-03-02 06:00:00,0.44108763
2025-03-02 07:00:00,0.77312845
2025-03-02 08:00:00,0.88303715
2025-03-02 09:00:00,0.66236514
2025-03-02 10:00:00,0.20579514
2025-03-02 11:00:00,-0.151765
2025-03-02 12:00:00,-0.40351963
2025-03-02 13:00:00,-0.6074172
2025-03-02 14:00:00,-0.7707964
2025-03-02 15:00:00,-0.89016765
2025-03-02 16:00:00,-0.70517945
2025-03-02 17:00:00,-0.049267072
2025-03-02 18:00:00,0.43688938
2025-03-02 19:00:00,0.8082831
2025-03-02 20:00:00,0.9671296
2025-03-02 21:00:00,0.78984064
2025-03-02 22:00:00,0.3253616
2025-03-02 23:00:00,-0.06719342
2025-03-03 00:00:00,-0.3450849
2025-03-03 01:00:00,-0.56452256
2025-03-03 02:00:00,-0.74870616
2025-03-03 03:00:00,-0.8962915
2025-03-03 04:00:00,-0.9347546
2025-03-03 05:00:00,-0.4003752
2025-03-03 06:00:00,0.13992251
2025-03-03 07:00:00,0.55170923
2025-03-03 08:00:00,0.8100525
2025-03-03 09:00:00,0.8201469
2025-03-03 10:00:00,0.5070792
2025-03-03 11:00:00,0.07114985
2025-03-03 12:00:00,-0.23699671
2025-03-03 13:00:00,-0.46062407
2025-03-03 14:00:00,-0.647358
2025-03-03 15:00:00,-0.79855245
2025-03-03 16:00:00,-0.8678163
2025-03-03 17:00:00,-0.4370069
2025-03-03 18:00:00,0.095980175
2025-03-03 19:00:00,0.49612698
2025-03-03 20:00:00,0.7552153
2025-03-03 21:00:00,0.7849566
2025-03-03 22:00:00,0.4928911
2025-03-03 23:00:00,0.05185962
2025-03-04 00:00:00,-0.26546824
